,Client 1,Client 2,Client 3,Client 4,Client 5,Client 6,Client 7,Client 8,Client 9,Client 10,Client 11,Client 12,Client 13,Client 14,Client 15,Client 16,Client 17,Client 18,Client 19,Client 20
1,0.5,0.5,0.5,0.5,0.5,0.5,0.5,0.5,0.5,0.5,0.5,0.5,0.5,0.5,0.5,0.5,0.5,0.5,0.5,0.5
2,0.8555591903710185,0.850441204540233,0.8581297218113938,0.5,0.5,0.8581297218113938,0.5,0.8581297218113938,0.5,0.5,0.8632939774163194,0.8632939774163194,0.5,0.5,0.5,0.5,0.8607079764250578,0.5,0.5,0.8555591903710185
3,0.7913618158955839,0.7937394660352428,0.8081561372164884,0.813019649987571,0.5,0.8581297218113938,0.5,0.8253068684916823,0.5,0.5,0.8033217181536265,0.8154623711872927,0.7985162187593771,0.8154623711872927,0.5,0.5,0.8081561372164884,0.5,0.5,0.8057353018734796
