Client 1,Client 2,Client 3,Client 4,Client 5,Client 6,Client 7,Client 8,Client 9,Client 10,Client 11,Client 12,Client 13,Client 14,Client 15,Client 16,Client 17,Client 18,Client 19,Client 20
0.5,0.5,0.5,0.5,0.5,0.5,0.5,0.5,0.5,0.5,0.5,0.5,0.5,0.5,0.5,0.5,0.5,0.5,0.5,0.5
0.5,0.2612949944016282,0.2612949944016282,0.2612949944016282,0.5,0.5,0.2612949944016282,0.5,0.5,0.2612949944016282,0.5,0.2612949944016282,0.5,0.2702870661863144,0.2554670976030864,0.2642586111394745,0.5,0.5,0.5,0.258364614136686
0.23875178407884456,0.5,0.5,0.5,0.5,0.5,0.5,0.5,0.2469680653974946,0.5,0.5,0.23607422219945778,0.23875178407884456,0.23875178407884456,0.5,0.5,0.24419835927828984,0.24419835927828984,0.5,0.24145971495638432
0.5,0.5,0.23342668873491867,0.23607422219945778,0.24145971495638432,0.5,0.5,0.5,0.5,0.24419835927828984,0.2612949944016282,0.5,0.23080884692150763,0.5,0.5,0.5,0.5,0.24145971495638432,0.5,0.5
0.23607422219945778,0.23080884692150763,0.5,0.5,0.5,0.24145971495638432,0.23080884692150763,0.23342668873491867,0.23607422219945778,0.5,0.258364614136686,0.2282203637722543,0.5,0.5,0.5,0.23080884692150763,0.24145971495638432,0.5,0.5,0.5
