Round,Client 1,Client 2,Client 3,Client 4,Client 5,Client 6,Client 7,Client 8,Client 9,Client 10,Client 11,Client 12,Client 13,Client 14,Client 15,Client 16,Client 17,Client 18,Client 19,Client 20
1,,0.8947368421052632,0.8947368421052632,0.8947368421052632,,,0.8947368421052632,,,0.8947368421052632,,0.8947368421052632,,0.8721804511278195,0.9097744360902256,0.8872180451127819,,,,0.9022556390977443
2,0.9548872180451128,0.8947368421052632,0.8947368421052632,0.8947368421052632,,,0.8947368421052632,,0.9323308270676691,0.8947368421052632,,0.9624060150375939,0.9548872180451128,0.9548872180451128,0.9097744360902256,0.8872180451127819,0.9398496240601504,0.9398496240601504,,0.9473684210526315
3,0.9548872180451128,0.8947368421052632,0.9699248120300752,0.9624060150375939,0.9473684210526315,,0.8947368421052632,,0.9323308270676691,0.9398496240601504,0.8947368421052632,0.9624060150375939,0.9774436090225563,0.9548872180451128,0.9097744360902256,0.8872180451127819,0.9398496240601504,0.9473684210526315,,0.9473684210526315
4,0.9624060150375939,0.9774436090225563,0.9699248120300752,0.9624060150375939,0.9473684210526315,0.9473684210526315,0.9774436090225563,0.9699248120300752,0.9624060150375939,0.9398496240601504,0.9022556390977443,0.9849624060150376,0.9774436090225563,0.9548872180451128,0.9097744360902256,0.9774436090225563,0.9473684210526315,0.9473684210526315,,0.9473684210526315
5,0.9624060150375939,0.9774436090225563,0.9699248120300752,0.9624060150375939,0.9473684210526315,0.9699248120300752,0.9774436090225563,0.9699248120300752,0.9624060150375939,0.9548872180451128,0.924812030075188,0.9924812030075187,0.9774436090225563,0.9548872180451128,0.9774436090225563,0.9774436090225563,0.9473684210526315,0.9473684210526315,0.9774436090225563,0.9699248120300752
