Client 1,Client 2,Client 3,Client 4,Client 5,Client 6,Client 7,Client 8,Client 9,Client 10,Client 11,Client 12,Client 13,Client 14,Client 15,Client 16,Client 17,Client 18,Client 19,Client 20
0.5,0.5,0.5,0.5,0.5,0.5,0.5,0.5,0.5,0.5,0.5,0.5,0.5,0.5,0.5,0.5,0.5,0.5,0.5,0.5
0.5,0.5,0.5,0.29166690704378345,0.5,0.41438806838758346,0.5,0.5,0.5,0.5,0.5,0.5,0.5,0.5,0.5,0.5,0.5,0.4628879465532243,0.5,0.43589358223951896
0.5,0.5,0.5,0.29166690704378345,0.5,0.41438806838758346,0.5,0.2740292167113711,0.30514856526512407,0.5,0.24627270762551548,0.5,0.25337584077002484,0.2696367458278838,0.2810477292104116,0.5,0.5,0.2659826163710983,0.2595972588828055,0.43589358223951896
0.5,0.5,0.5,0.29166690704378345,0.5,0.23965103644177585,0.5,0.24727349839834645,0.24767145882017727,0.5,0.24627270762551548,0.5,0.25337584077002484,0.2696367458278838,0.2810477292104116,0.2865047968601901,0.5,0.2659826163710983,0.2595972588828055,0.43589358223951896
0.5,0.5,0.5,0.24836467657051403,0.24298083008981597,0.23965103644177585,0.5,0.24727349839834645,0.24767145882017727,0.2363816327036556,0.23674078426698467,0.5,0.25337584077002484,0.2696367458278838,0.2810477292104116,0.2865047968601901,0.2358770829857,0.2571468110134195,0.2595972588828055,0.43589358223951896
