Round,Client 1,Client 2,Client 3,Client 4,Client 5,Client 6,Client 7,Client 8,Client 9,Client 10,Client 11,Client 12,Client 13,Client 14,Client 15,Client 16,Client 17,Client 18,Client 19,Client 20
1,,,,0.8214285714285714,,0.5873015873015873,,,,,,,,,,,,0.5135135135135135,,0.5535714285714286
2,,,,0.8214285714285714,,0.5873015873015873,,0.863013698630137,0.7913043478260869,,0.9342105263157895,,0.9152542372881356,0.8737864077669902,0.8461538461538461,,,0.8828828828828829,0.8990825688073395,0.5535714285714286
3,,,,0.8214285714285714,,0.9523809523809523,,0.9315068493150684,0.9304347826086956,,0.9342105263157895,,0.9152542372881356,0.8737864077669902,0.8461538461538461,0.8333333333333334,,0.8828828828828829,0.8990825688073395,0.5535714285714286
4,,,,0.9285714285714286,0.9431818181818182,0.9523809523809523,,0.9315068493150684,0.9304347826086956,0.9615384615384616,0.9605263157894737,,0.9152542372881356,0.8737864077669902,0.8461538461538461,0.8333333333333334,0.9629629629629629,0.9054054054054054,0.8990825688073395,0.5535714285714286
5,,,,0.9642857142857143,0.9204545454545454,0.9523809523809523,,0.958904109589041,0.9304347826086956,0.9615384615384616,0.9605263157894737,,0.9661016949152542,0.8737864077669902,0.8461538461538461,0.8333333333333334,0.9629629629629629,0.9054054054054054,0.8990825688073395,0.9285714285714286
